Timestamp,PUE,I_KOMP1_HIZ,II_KOMP1_HIZ,III_KOMP1_HIZ,IV_KOMP1_HIZ,CH1_CIKIS_SIC,CH1_GIRIS_SIC,CH2_CIKIS_SIC,CH2_GIRIS_SIC,CH3_CIKIS_SIC,CH3_GIRIS_SIC,SENSOR_I_TEMP,SENSOR_II_TEMP,OUTLET_TEMP,OUTLET_HUMIDITY,KS10_UDP_TUKETIM,Mon,Tue,Wed,Thu,Fri,Sat,hour_0,hour_1,hour_2,hour_3,hour_4,hour_5,hour_6,hour_7,hour_8,hour_9,hour_10,hour_11,hour_12,hour_13,hour_14,hour_15,hour_16,hour_17,hour_18,hour_19,hour_20,hour_21,hour_22,hour_23,month_4,month_5,month_6,month_7,month_8,month_9,month_10,month_11,KS10_REAL_PUE,KS10_REAL_CH1_CIKIS_SIC,KS10_REAL_CH1_GIRIS_SIC,KS10_REAL_CH2_CIKIS_SIC,KS10_REAL_CH2_GIRIS_SIC,KS10_REAL_CH3_CIKIS_SIC,KS10_REAL_CH3_GIRIS_SIC,KS10_REAL_OUTLET_TEMP,KS10_REAL_OUTLET_HUMIDITY,KS10_REAL_KS10_UDP_TUKETIM,solved_for_first_timestamp
2023-10-18 08:00:00,1.498337560846994,36.099999427795424,36.099999427795424,36.099999427795424,36.099999427795424,24.248336256821624,27.303961691334504,20.46259675104795,72.32233698902546,17.0984100775241,17.902256355464242,16.505149959013792,17.75921105436824,16.7000007629395,17.0,4.046274687244291,0,0,1,0,0,0,0,0,0,0,0,0,0,0,1,0,0,0,0,0,0,0,0,0,0,0,0,0,0,0,0,0,0,0,0,0,1,0,1.79127669334412,20.7576,28.3282,14.8955,82.79192,17.7000007629395,17.1000003814697,16.7000007629395,17.0,4.625,1
2023-10-18 08:05:00,1.498337557517515,36.099999427795424,36.099999427795424,36.099999427795424,36.099999427795424,24.248336256821624,27.303961691334504,20.462596135216355,72.32233698902546,17.0984100775241,17.902256355464242,16.505149977960215,17.759211039695707,16.7000007629395,17.0,4.046274687244291,0,0,1,0,0,0,0,0,0,0,0,0,0,0,1,0,0,0,0,0,0,0,0,0,0,0,0,0,0,0,0,0,0,0,0,0,1,0,1.64360582828522,20.7576,28.3282,14.8955,82.79192,17.7000007629395,16.7999992370605,16.7000007629395,17.0,3.0,1
2023-10-18 08:10:00,1.488523775144794,34.857499408721935,34.857499408721935,34.857499408721935,34.857499408721935,24.248336256821624,27.303961691334504,20.46259551993036,72.32233698902546,17.0984100775241,17.902256355464242,16.77658140188911,17.970986377244564,17.0,17.2999992370605,4.046274687244291,0,0,1,0,0,0,0,0,0,0,0,0,0,0,1,0,0,0,0,0,0,0,0,0,0,0,0,0,0,0,0,0,0,0,0,0,1,0,1.77829790115356,20.9041,28.3282,14.8955,82.79192,17.7000007629395,17.3999996185303,17.0,17.2999992370605,4.375,1
2023-10-18 08:15:00,1.5018922493143334,37.00249941349031,37.00249941349031,37.00249941349031,37.00249941349031,24.248336256821624,27.303961691334504,20.46259490518949,72.32233698902546,17.0984100775241,17.902256355464242,16.793182262178473,17.966370422337608,17.0,17.2999992370605,4.046274687244291,0,0,1,0,0,0,0,0,0,0,0,0,0,0,1,0,0,0,0,0,0,0,0,0,0,0,0,0,0,0,0,0,0,0,0,0,1,0,1.6322033405304,20.9041,28.3282,14.8955,82.79192,17.7000007629395,17.3999996185303,17.0,17.2999992370605,2.75,1
2023-10-18 08:20:00,1.5026305392720238,39.70999937057497,36.099999427795424,36.099999427795424,36.099999427795424,24.248336256821624,27.303961691334504,20.46259429099325,72.32233698902546,17.0984100775241,17.902256355464242,16.788894502171726,17.96832669194747,17.0,17.2999992370605,4.046274687244291,0,0,1,0,0,0,0,0,0,0,0,0,0,0,1,0,0,0,0,0,0,0,0,0,0,0,0,0,0,0,0,0,0,0,0,0,1,0,1.67167019844055,20.9041,28.3282,14.8955,82.79192,17.7000007629395,17.1000003814697,17.0,17.2999992370605,4.5,1
2023-10-18 08:25:00,1.4745988339351794,32.559886827658126,32.559886827658126,32.559886827658126,32.559886827658126,24.248336256821624,27.303961691334504,20.46259367734117,72.32233698902546,17.0984100775241,17.902256355464242,16.758817704062242,17.975932003560008,17.0,17.2999992370605,4.046274687244291,0,0,1,0,0,0,0,0,0,0,0,0,0,0,1,0,0,0,0,0,0,0,0,0,0,0,0,0,0,0,0,0,0,0,0,0,1,0,1.62649583816528,20.9529,28.2793,14.8955,82.79192,17.7000007629395,17.1000003814697,17.0,17.2999992370605,2.75,1
2023-10-18 08:30:00,1.531222090888385,41.51499934196473,41.51499934196473,41.51499934196473,41.51499934196473,24.248336256821624,27.303961691334504,20.46259306423276,72.32233698902546,17.0984100775241,17.902256355464242,16.828159648713807,17.95666355871436,17.0,17.2999992370605,4.046274687244291,0,0,1,0,0,0,0,0,0,0,0,0,0,0,1,0,0,0,0,0,0,0,0,0,0,0,0,0,0,0,0,0,0,0,0,0,1,0,1.44528305530548,20.9529,28.2793,15.4955,79.39979,17.7000007629395,17.1000003814697,17.0,17.2999992370605,4.5,1
2023-10-18 08:35:00,1.496223498250944,36.099999427795424,36.099999427795424,36.099999427795424,36.099999427795424,24.248336256821624,27.303961691334504,20.46259245166754,72.32233698902547,17.0984100775241,17.902256355464242,16.786195602075193,17.96831235662168,17.0,17.2999992370605,4.046274687244291,0,0,1,0,0,0,0,0,0,0,0,0,0,0,1,0,0,0,0,0,0,0,0,0,0,0,0,0,0,0,0,0,0,0,0,0,1,0,1.64507341384888,20.9529,28.2793,15.4955,79.39979,17.7000007629395,17.1000003814697,17.0,17.2999992370605,3.0,1
2023-10-18 08:40:00,1.4889394577190496,34.294999456405655,34.294999456405655,37.72449940204623,34.294999456405655,24.248336256821624,27.303961691334504,20.46259183964503,72.32233698902547,17.0984100775241,17.902256355464242,16.771467352702516,17.974342189915255,17.0,17.2999992370605,4.046274687244291,0,0,1,0,0,0,0,0,0,0,0,0,0,0,1,0,0,0,0,0,0,0,0,0,0,0,0,0,0,0,0,0,0,0,0,0,1,0,1.69556963443756,21.0994,28.2305,15.4955,79.39979,17.7000007629395,17.1000003814697,17.0,17.2999992370605,4.0,1
2023-10-18 08:45:00,1.5058339484056034,34.84552444767954,38.7172493863106,38.7172493863106,38.7172493863106,24.248336256821624,27.303961691334504,20.462591228164747,72.32233698902547,17.0984100775241,17.902256355464242,16.803567545392223,17.962665802168033,17.0,17.2999992370605,4.046274687244291,0,0,1,0,0,0,0,0,0,0,0,0,0,0,1,0,0,0,0,0,0,0,0,0,0,0,0,0,0,0,0,0,0,0,0,0,1,0,1.8900842666626,21.0994,28.2305,15.4955,79.39979,17.7000007629395,17.1000003814697,17.0,17.2999992370605,3.125,1
2023-10-18 08:50:00,1.5384514021446467,42.58897432494166,42.58897432494166,42.58897432494166,42.58897432494166,24.248336256821624,27.303961691334504,20.462590617226216,72.32233698902547,17.0984100775241,17.902256355464242,16.836495056788937,17.954354049508467,17.0,17.2999992370605,4.046274687244291,0,0,1,0,0,0,0,0,0,0,0,0,0,0,1,0,0,0,0,0,0,0,0,0,0,0,0,0,0,0,0,0,0,0,0,0,1,0,1.65273106098175,21.0994,28.2305,15.4955,79.39979,17.7000007629395,17.1000003814697,17.0,17.2999992370605,4.125,1
2023-10-18 08:55:00,1.492256457610515,35.462270375403776,35.462270375403776,35.462270375403776,35.462270375403776,24.248336256821624,27.303961691334504,20.462590006828947,72.32233698902547,17.0984100775241,17.902256355464242,16.781260428377845,17.969684685352945,17.0,17.2999992370605,4.046274687244291,0,0,1,0,0,0,0,0,0,0,0,0,0,0,1,0,0,0,0,0,0,0,0,0,0,0,0,0,0,0,0,0,0,0,0,0,1,0,1.60295963287354,21.0994,28.1817,15.4955,79.39979,17.7000007629395,17.1000003814697,17.0,17.2999992370605,2.875,1
2023-10-18 09:00:00,1.4883717232489269,34.59733695161344,34.59733695161344,34.59733695161344,34.59733695161344,24.248336256821624,27.303961691334504,20.46258939697247,72.32233698902547,17.0984100775241,17.902256355464242,16.774569229119873,17.971546167742435,17.0,17.2999992370605,4.046274687244291,0,0,1,0,0,0,0,0,0,0,0,0,0,0,0,1,0,0,0,0,0,0,0,0,0,0,0,0,0,0,0,0,0,0,0,0,1,0,1.67044007778168,21.0994,28.1817,15.4955,79.39979,17.7000007629395,17.1000003814697,17.0,17.2999992370605,4.5,1
2023-10-18 09:05:00,1.4556973524150127,29.09546300787973,29.09546300787973,29.09546300787973,29.09546300787973,24.248336256821624,27.303961691334504,20.4625887876563,72.32233698902547,17.0984100775241,17.902256355464242,16.732068575886085,17.983391721305793,17.0,17.2999992370605,4.046274687244291,0,0,1,0,0,0,0,0,0,0,0,0,0,0,0,1,0,0,0,0,0,0,0,0,0,0,0,0,0,0,0,0,0,0,0,0,1,0,1.64033269882202,21.0994,28.1817,15.4955,79.39979,17.7000007629395,17.1000003814697,17.0,17.2999992370605,3.0,1
2023-10-18 09:10:00,1.461744915088381,30.142929819093208,30.142929819093208,30.142929819093208,30.142929819093208,24.248336256821624,27.303961691334504,20.462588178879965,72.32233698902547,17.0984100775241,17.902256355464242,16.740151720523812,17.981135902590836,17.0,17.2999992370605,4.046274687244291,0,0,1,0,0,0,0,0,0,0,0,0,0,0,0,1,0,0,0,0,0,0,0,0,0,0,0,0,0,0,0,0,0,0,0,0,1,0,1.59094750881195,21.2459,28.1817,15.4955,79.39979,17.7000007629395,17.1000003814697,17.0,17.2999992370605,4.125,1
2023-10-18 09:15:00,1.493717274013482,35.462270375403776,35.462270375403776,35.462270375403776,35.462270375403776,24.248336256821624,27.303961691334504,20.462587570642977,72.32233698902547,17.0984100775241,17.902256355464242,16.781260504582384,17.96968462662153,17.0,17.2999992370605,4.046274687244291,0,0,1,0,0,0,0,0,0,0,0,0,0,0,0,1,0,0,0,0,0,0,0,0,0,0,0,0,0,0,0,0,0,0,0,0,1,0,1.77604162693024,21.2459,28.1817,15.4955,79.39979,17.7000007629395,17.1000003814697,17.0,17.2999992370605,2.875,1
2023-10-18 09:20:00,1.4897777568626245,34.82575505716867,34.82575505716867,34.82575505716867,34.82575505716867,24.248336256821624,27.303961691334504,20.46258696294487,72.32233698902547,17.0984100775241,17.902256355464242,16.776336113056253,17.971054492207934,17.0,17.2999992370605,4.046274687244291,0,0,1,0,0,0,0,0,0,0,0,0,0,0,0,1,0,0,0,0,0,0,0,0,0,0,0,0,0,0,0,0,0,0,0,0,1,0,1.74222683906555,21.2459,28.1817,15.4955,79.39979,17.7000007629395,17.1000003814697,17.0,17.2999992370605,4.375,1
2023-10-18 09:25:00,1.5017181396631587,37.41089764410466,37.41089764410466,37.41089764410466,33.66980787969419,24.248336256821624,27.303961691334504,20.46258635578516,72.32233698902547,17.0984100775241,17.902256355464242,16.78077814176811,17.971593734387866,17.0,17.2999992370605,4.046274687244291,0,0,1,0,0,0,0,0,0,0,0,0,0,0,0,1,0,0,0,0,0,0,0,0,0,0,0,0,0,0,0,0,0,0,0,0,1,0,1.88463163375854,20.9529,28.3282,15.4955,79.39979,17.7000007629395,17.3999996185303,17.0,17.2999992370605,3.0,1
2023-10-18 09:30:00,1.5012080766671831,36.65868953386177,36.65868953386177,36.65868953386177,36.65868953386177,24.248336256821624,27.303961691334504,20.462585749163363,72.32233698902547,17.0984100775241,17.902256355464242,16.790520589066368,17.967109984684274,17.0,17.2999992370605,4.046274687244291,0,0,1,0,0,0,0,0,0,0,0,0,0,0,0,1,0,0,0,0,0,0,0,0,0,0,0,0,0,0,0,0,0,0,0,0,1,0,1.81764709949493,20.9529,28.3282,15.695499,76.09544,17.7000007629395,17.1000003814697,17.0,17.2999992370605,4.375,1
2023-10-18 09:35:00,1.493606043156937,35.44437044305259,35.44437044305259,35.44437044305259,35.44437044305259,24.248336256821624,27.303961691334504,20.46258514307901,72.32233698902547,17.0984100775241,17.902256355464242,16.78112207766407,17.969723090116993,17.0,17.2999992370605,4.046274687244291,0,0,1,0,0,0,0,0,0,0,0,0,0,0,0,1,0,0,0,0,0,0,0,0,0,0,0,0,0,0,0,0,0,0,0,0,1,0,1.74780786037445,20.9529,28.3282,15.695499,76.09544,17.7000007629395,17.1000003814697,17.0,17.2999992370605,2.875,1
2023-10-18 09:40:00,1.50768937341501,37.67953220768666,37.67953220768666,37.67953220768666,37.67953220768666,24.248336256821624,27.303961691334504,20.46258453753163,72.32233698902547,17.0984100775241,17.902256355464242,16.798425770074076,17.96491347561218,17.0,17.2999992370605,4.046274687244291,0,0,1,0,0,0,0,0,0,0,0,0,0,0,0,1,0,0,0,0,0,0,0,0,0,0,0,0,0,0,0,0,0,0,0,0,1,0,1.64099371433258,21.0017,28.2793,15.695499,76.09544,17.7000007629395,17.1000003814697,17.0,17.2999992370605,4.5,1
2023-10-18 09:45:00,1.572083486129642,47.16744565500933,47.16744565500933,47.16744565500933,47.16744565500933,24.248336256821624,27.303961691334504,20.462583932520737,72.32233698902547,17.0984100775241,17.902256355464242,16.87207602729508,17.944511784468656,17.0,17.2999992370605,4.046274687244291,0,0,1,0,0,0,0,0,0,0,0,0,0,0,0,1,0,0,0,0,0,0,0,0,0,0,0,0,0,0,0,0,0,0,0,0,1,0,1.8178197145462,21.0017,28.2793,15.695499,76.09544,17.7000007629395,17.1000003814697,17.0,17.2999992370605,2.75,1
2023-10-18 09:50:00,1.5020181247485314,36.78699828851708,36.78699828851708,36.78699828851708,36.78699828851708,24.248336256821624,27.303961691334504,20.462583328045863,72.32233698902547,17.0984100775241,17.902256355464242,16.791514050398575,17.966833838083183,17.0,17.2999992370605,4.046274687244291,0,0,1,0,0,0,0,0,0,0,0,0,0,0,0,1,0,0,0,0,0,0,0,0,0,0,0,0,0,0,0,0,0,0,0,0,1,0,1.67770826816559,21.0017,28.2793,15.695499,76.09544,17.7000007629395,17.3999996185303,17.0,17.2999992370605,4.375,1
2023-10-18 09:55:00,1.423672084294077,23.305939436680045,23.305939436680045,23.305939436680045,23.305939436680045,24.248336256821624,27.303961691334504,20.46258272410653,72.32233698902547,17.0984100775241,17.902256355464242,16.687462335033487,17.995864885410004,17.0,17.2999992370605,4.046274687244291,0,0,1,0,0,0,0,0,0,0,0,0,0,0,0,1,0,0,0,0,0,0,0,0,0,0,0,0,0,0,0,0,0,0,0,0,1,0,1.73523199558258,20.7088,28.1817,15.695499,76.09544,17.7000007629395,17.3999996185303,17.0,17.2999992370605,2.875,1
2023-10-18 10:00:00,1.4946656201649045,35.841506246336095,35.841506246336095,35.841506246336095,35.841506246336095,24.248336256821624,27.303961691334504,20.462582120702265,72.32233698902547,17.0984100775241,17.902256355464242,16.784195326361043,17.968868370141085,17.0,17.2999992370605,4.046274687244291,0,0,1,0,0,0,0,0,0,0,0,0,0,0,0,0,1,0,0,0,0,0,0,0,0,0,0,0,0,0,0,0,0,0,0,0,1,0,1.64075613021851,20.7088,28.1817,15.695499,76.09544,17.7000007629395,17.3999996185303,17.0,17.2999992370605,4.625,1
2023-10-18 10:05:00,1.4732773262529366,32.828292435947006,32.828292435947006,32.828292435947006,32.828292435947006,24.248336256821624,27.303961691334504,20.4625815178326,72.32233698902547,17.0984100775241,17.902256355464242,17.257965571446157,18.174805858160724,17.0,17.6000003814697,4.046274687244291,0,0,1,0,0,0,0,0,0,0,0,0,0,0,0,0,1,0,0,0,0,0,0,0,0,0,0,0,0,0,0,0,0,0,0,0,1,0,1.83995831012726,20.7088,28.1817,15.695499,76.09544,18.0,17.3999996185303,17.0,17.6000003814697,3.0,1
2023-10-18 10:10:00,1.5719367544638203,48.58540181104895,48.58540181104895,48.58540181104895,43.72686162994405,24.248336256821624,27.303961691334504,20.46258091549704,72.32233698902547,17.0984100775241,17.902256355464242,17.14993089782928,18.160721226787867,17.2999992370605,17.6000003814697,4.046274687244291,0,0,1,0,0,0,0,0,0,0,0,0,0,0,0,0,1,0,0,0,0,0,0,0,0,0,0,0,0,0,0,0,0,0,0,0,1,0,1.6549060344696,20.7088,28.3282,15.695499,76.09544,18.0,17.3999996185303,17.2999992370605,17.6000003814697,4.25,1
2023-10-18 10:15:00,1.447401795019928,28.200829345389387,28.200829345389387,28.200829345389387,28.200829345389387,24.248336256821624,27.303961691334504,20.46258031369513,72.32233698902547,17.0984100775241,17.902256355464242,17.009963276451114,18.19708333368856,17.2999992370605,17.6000003814697,4.046274687244291,0,0,1,0,0,0,0,0,0,0,0,0,0,0,0,0,1,0,0,0,0,0,0,0,0,0,0,0,0,0,0,0,0,0,0,0,1,0,1.82067513465881,20.7088,28.3282,15.695499,76.09544,18.0,17.7000007629395,17.2999992370605,17.6000003814697,2.875,1
2023-10-18 10:20:00,1.5040869493711346,37.67953220768666,37.67953220768666,37.67953220768666,37.67953220768666,24.248336256821624,27.303961691334504,20.4625797124264,72.32233698902547,17.0984100775241,17.902256355464242,17.084468432879657,18.17643803095432,17.2999992370605,17.6000003814697,4.046274687244291,0,0,1,0,0,0,0,0,0,0,0,0,0,0,0,0,1,0,0,0,0,0,0,0,0,0,0,0,0,0,0,0,0,0,0,0,1,0,1.84613752365112,20.7088,28.3282,15.695499,76.09544,18.0,17.7000007629395,17.2999992370605,17.6000003814697,4.25,1
2023-10-18 10:25:00,1.492421472799657,35.81910530493213,35.81910530493213,35.81910530493213,35.81910530493213,24.248336256821624,27.303961691334504,20.462579111690363,72.32233698902547,17.0984100775241,17.902256355464242,17.06981930413155,18.180488309908,17.2999992370605,17.6000003814697,4.046274687244291,0,0,1,0,0,0,0,0,0,0,0,0,0,0,0,0,1,0,0,0,0,0,0,0,0,0,0,0,0,0,0,0,0,0,0,0,1,0,1.79458332061768,20.8064,28.1329,15.695499,76.09544,18.0,17.3999996185303,17.2999992370605,17.6000003814697,2.875,1
2023-10-18 10:30:00,1.5410641789705677,43.3043798750654,43.3043798750654,43.3043798750654,43.3043798750654,24.248336256821624,27.303961691334504,20.46257851148656,72.32233698902547,17.0984100775241,17.902256355464242,17.128835473109827,18.16419775960856,17.2999992370605,17.6000003814697,4.046274687244291,0,0,1,0,0,0,0,0,0,0,0,0,0,0,0,0,1,0,0,0,0,0,0,0,0,0,0,0,0,0,0,0,0,0,0,0,1,0,1.66213381290436,20.8064,28.1329,16.095499,71.520935,18.0,17.7000007629395,17.2999992370605,17.6000003814697,4.75,1
2023-10-18 10:35:00,1.5410641754469778,43.304379875065386,43.304379875065386,43.304379875065386,43.304379875065386,24.248336256821624,27.303961691334504,20.46257791181451,72.32233698902547,17.0984100775241,17.902256355464242,17.128835492256243,18.16419774499521,17.2999992370605,17.6000003814697,4.046274687244291,0,0,1,0,0,0,0,0,0,0,0,0,0,0,0,0,1,0,0,0,0,0,0,0,0,0,0,0,0,0,0,0,0,0,0,0,1,0,1.51356983184814,20.8064,28.1329,16.095499,71.520935,18.0,17.7000007629395,17.2999992370605,17.6000003814697,2.75,1
2023-10-18 10:40:00,1.4921369575119403,35.77318337505401,35.77318337505401,35.77318337505401,35.77318337505401,24.248336256821624,27.303961691334504,20.46257731267375,72.32233698902547,17.0984100775241,17.902256355464242,17.069457927376536,18.180588253043,17.2999992370605,17.6000003814697,4.046274687244291,0,0,1,0,0,0,0,0,0,0,0,0,0,0,0,0,1,0,0,0,0,0,0,0,0,0,0,0,0,0,0,0,0,0,0,0,1,0,1.76535272598267,21.5388,27.888,16.095499,71.520935,18.0,17.7000007629395,17.2999992370605,17.6000003814697,4.375,1
2023-10-18 10:45:00,1.5039375556764094,37.65598250005687,37.65598250005687,37.65598250005687,37.65598250005687,24.248336256821624,27.303961691334504,20.462576714063804,72.32233698902547,17.0984100775241,17.902256355464242,17.08428301757327,18.17648922173831,17.2999992370605,17.6000003814697,4.046274687244291,0,0,1,0,0,0,0,0,0,0,0,0,0,0,0,0,1,0,0,0,0,0,0,0,0,0,0,0,0,0,0,0,0,0,0,0,1,0,1.49168407917023,21.5388,27.888,16.095499,71.520935,18.0,17.7000007629395,17.2999992370605,17.6000003814697,3.0,1
2023-10-18 10:50:00,1.5649147947224704,46.7320398205834,46.7320398205834,46.7320398205834,46.7320398205834,24.248336256821624,27.303961691334504,20.46257611598421,72.32233698902547,17.0984100775241,17.902256355464242,17.155928315675997,18.15674280597646,17.2999992370605,17.6000003814697,4.046274687244291,0,0,1,0,0,0,0,0,0,0,0,0,0,0,0,0,1,0,0,0,0,0,0,0,0,0,0,0,0,0,0,0,0,0,0,0,1,0,1.47327756881714,21.5388,27.888,16.095499,71.520935,18.0,17.7000007629395,17.2999992370605,17.6000003814697,4.375,1
2023-10-18 10:55:00,1.535504474799244,42.48367256416672,42.48367256416672,42.48367256416672,42.48367256416672,24.248336256821624,27.303961691334504,20.46257551843448,72.32233698902547,17.0984100775241,17.902256355464242,17.12235491947049,18.16598311572517,17.2999992370605,17.6000003814697,4.046274687244291,0,0,1,0,0,0,0,0,0,0,0,0,0,0,0,0,1,0,0,0,0,0,0,0,0,0,0,0,0,0,0,0,0,0,0,0,1,0,1.76410794258118,22.0279,27.888,16.095499,71.520935,18.0,17.7000007629395,17.2999992370605,17.6000003814697,3.0,1
2023-10-18 11:00:00,1.5242351770791576,40.57673498884332,40.57673498884332,40.57673498884332,40.57673498884332,24.248336256821624,27.303961691334504,20.462574921414163,72.32233698902547,17.0984100775241,17.902256355464242,17.107306425216475,18.17013227574133,17.2999992370605,17.6000003814697,4.046274687244291,0,0,1,0,0,0,0,0,0,0,0,0,0,0,0,0,0,1,0,0,0,0,0,0,0,0,0,0,0,0,0,0,0,0,0,0,1,0,1.54853570461273,22.0279,27.9856,16.095499,71.520935,18.0,17.7000007629395,17.2999992370605,17.6000003814697,4.25,1
2023-10-18 11:05:00,1.4925836847340628,35.62835267313073,35.62835267313073,35.62835267313073,35.62835267313073,24.248336256821624,27.303961691334504,20.46257432492278,72.32233698902547,17.0984100775241,17.902256355464242,17.06831816534184,18.180903527430505,17.2999992370605,17.6000003814697,4.046274687244291,0,0,1,0,0,0,0,0,0,0,0,0,0,0,0,0,0,1,0,0,0,0,0,0,0,0,0,0,0,0,0,0,0,0,0,0,1,0,1.66025114059448,22.0279,27.9856,16.095499,71.520935,18.0,17.7000007629395,17.2999992370605,17.6000003814697,3.0,1
2023-10-18 11:10:00,1.511337598392338,38.59738206255828,38.59738206255828,38.59738206255828,38.59738206255828,24.248336256821624,27.303961691334504,20.462573728959867,72.32233698902547,17.0984100775241,17.902256355464242,17.091700475972797,18.17443998717803,17.2999992370605,17.6000003814697,4.046274687244291,0,0,1,0,0,0,0,0,0,0,0,0,0,0,0,0,0,1,0,0,0,0,0,0,0,0,0,0,0,0,0,0,0,0,0,0,1,0,1.88195013999939,22.0279,27.9856,16.095499,71.520935,18.0,17.7000007629395,17.2999992370605,17.6000003814697,4.5,1
2023-10-18 11:15:00,1.511337595085972,38.59738206255828,38.59738206255828,38.59738206255828,38.59738206255828,24.248336256821624,27.303961691334504,20.462573133524955,72.32233698902547,17.0984100775241,17.902256355464242,17.09170049494271,18.17443997265976,17.2999992370605,17.6000003814697,4.046274687244291,0,0,1,0,0,0,0,0,0,0,0,0,0,0,0,0,0,1,0,0,0,0,0,0,0,0,0,0,0,0,0,0,0,0,0,0,1,0,1.55744230747223,21.6365,28.2793,16.095499,71.520935,18.0,17.7000007629395,17.2999992370605,17.6000003814697,3.125,1
2023-10-18 11:20:00,1.5177462231427965,39.587058525700805,39.587058525700805,39.587058525700805,39.587058525700805,24.248336256821624,27.303961691334504,20.46257253861757,72.32233698902547,17.0984100775241,17.902256355464242,17.099501727182524,18.17228596026156,17.2999992370605,17.6000003814697,4.046274687244291,0,0,1,0,0,0,0,0,0,0,0,0,0,0,0,0,0,1,0,0,0,0,0,0,0,0,0,0,0,0,0,0,0,0,0,0,1,0,1.76763486862183,21.6365,28.2793,16.095499,71.520935,18.0,17.7000007629395,17.2999992370605,17.6000003814697,4.0,1
2023-10-18 11:25:00,1.565968918817208,46.66324523716982,46.66324523716982,46.66324523716982,46.66324523716982,24.248336256821624,27.303961691334504,20.46257194423726,72.32233698902547,17.0984100775241,17.902256355464242,17.15538426463658,18.1568922971624,17.2999992370605,17.6000003814697,4.046274687244291,0,0,1,0,0,0,0,0,0,0,0,0,0,0,0,0,0,1,0,0,0,0,0,0,0,0,0,0,0,0,0,0,0,0,0,0,1,0,1.51309776306152,21.6365,28.2793,16.095499,71.520935,18.0,17.7000007629395,17.2999992370605,17.6000003814697,3.25,1
2023-10-18 11:30:00,1.473376195352483,32.80777475317454,32.80777475317454,32.80777475317454,32.80777475317454,24.248336256821624,27.303961691334504,20.462571350383545,72.32233698902547,17.0984100775241,17.902256355464242,17.33639061198519,18.40118485298681,17.6000003814697,17.8999996185303,4.046274687244291,0,0,1,0,0,0,0,0,0,0,0,0,0,0,0,0,0,1,0,0,0,0,0,0,0,0,0,0,0,0,0,0,0,0,0,0,1,0,1.76198351383209,21.197,28.4258,16.0455,71.03792,18.0,17.7000007629395,17.6000003814697,17.8999996185303,4.375,1
2023-10-18 11:35:00,1.5219940438006492,40.57673498884333,40.57673498884333,40.57673498884333,40.57673498884333,24.248336256821624,27.303961691334504,20.46257075705596,72.32233698902547,17.0984100775241,17.902256355464242,17.398604071313265,18.38407194687236,17.6000003814697,17.8999996185303,4.046274687244291,0,0,1,0,0,0,0,0,0,0,0,0,0,0,0,0,0,1,0,0,0,0,0,0,0,0,0,0,0,0,0,0,0,0,0,0,1,0,1.80854165554047,21.197,28.4258,16.0455,71.03792,18.0,17.7000007629395,17.6000003814697,17.8999996185303,2.75,1
2023-10-18 11:40:00,1.4597237658855908,30.4822824839054,30.4822824839054,30.4822824839054,30.4822824839054,24.248336256821624,27.303961691334504,20.46257016425404,72.32233698902547,17.0984100775241,17.902256355464242,17.317811523082256,18.40631034329467,17.6000003814697,17.8999996185303,4.046274687244291,0,0,1,0,0,0,0,0,0,0,0,0,0,0,0,0,0,1,0,0,0,0,0,0,0,0,0,0,0,0,0,0,0,0,0,0,1,0,1.76166677474976,21.197,28.4258,16.0455,71.03792,18.2999992370605,17.7000007629395,17.6000003814697,17.8999996185303,4.375,1
2023-10-18 11:45:00,1.4786539256856646,33.68883422448718,33.68883422448718,33.68883422448718,33.68883422448718,24.248336256821624,27.303961691334504,20.46256957197732,72.32233698902547,17.0984100775241,17.902256355464242,17.343434950405705,18.39924327583972,17.6000003814697,17.8999996185303,4.046274687244291,0,0,1,0,0,0,0,0,0,0,0,0,0,0,0,0,0,1,0,0,0,0,0,0,0,0,0,0,0,0,0,0,0,0,0,0,1,0,1.65962755680084,21.0994,28.3282,16.0455,71.03792,18.2999992370605,17.7000007629395,17.6000003814697,17.8999996185303,2.875,1
2023-10-18 11:50:00,1.47853322148986,33.668793276108545,33.668793276108545,33.668793276108545,33.668793276108545,24.248336256821624,27.303961691334504,20.46256898022533,72.32233698902547,17.0984100775241,17.902256355464242,17.34327470555725,18.399287421885536,17.6000003814697,17.8999996185303,4.046274687244291,0,0,1,0,0,0,0,0,0,0,0,0,0,0,0,0,0,1,0,0,0,0,0,0,0,0,0,0,0,0,0,0,0,0,0,0,1,0,1.71283638477325,21.0994,28.3282,16.0455,71.03792,18.2999992370605,17.7000007629395,17.6000003814697,17.8999996185303,4.5,1
2023-10-18 11:55:00,1.5312313093786676,41.97067263800695,41.97067263800695,41.97067263800695,41.97067263800695,24.248336256821624,27.303961691334504,20.462568388997614,72.32233698902547,17.0984100775241,17.902256355464242,17.409790329851848,18.38100310998585,17.6000003814697,17.8999996185303,4.046274687244291,0,0,1,0,0,0,0,0,0,0,0,0,0,0,0,0,0,1,0,0,0,0,0,0,0,0,0,0,0,0,0,0,0,0,0,0,1,0,1.63561081886292,21.0994,28.3282,16.0455,71.03792,18.2999992370605,17.7000007629395,17.6000003814697,17.8999996185303,2.875,1
2023-10-18 12:00:00,1.485511955945211,34.368773500603346,34.368773500603346,34.368773500603346,34.368773500603346,24.248336256821624,27.303961691334504,20.462567798293705,72.32233698902547,17.0984100775241,17.902256355464242,17.3488732414498,18.397745034311864,17.6000003814697,17.8999996185303,4.046274687244291,0,0,1,0,0,0,0,0,0,0,0,0,0,0,0,0,0,0,1,0,0,0,0,0,0,0,0,0,0,0,0,0,0,0,0,0,1,0,1.63209867477417,21.5388,28.2305,16.0455,71.03792,18.2999992370605,18.0,17.6000003814697,17.8999996185303,4.375,1
2023-10-18 12:05:00,1.482102097276216,33.80870680709966,33.80870680709966,33.80870680709966,33.80870680709966,24.248336256821624,27.303961691334504,20.46256720811313,72.32233698902547,17.0984100775241,17.902256355464242,17.344393657944916,18.398979077937224,17.6000003814697,17.8999996185303,4.046274687244291,0,0,1,0,0,0,0,0,0,0,0,0,0,0,0,0,0,0,1,0,0,0,0,0,0,0,0,0,0,0,0,0,0,0,0,0,1,0,1.71618258953094,21.5388,28.2305,16.0455,71.03792,18.2999992370605,18.0,17.6000003814697,17.8999996185303,3.125,1
2023-10-18 12:10:00,1.416827325122294,22.58815291756068,22.58815291756068,22.58815291756068,22.58815291756068,24.248336256821624,27.303961691334504,20.46256661845544,72.32233698902547,17.0984100775241,17.902256355464242,17.548706385420683,18.6406468345895,17.8999996185303,18.2000007629395,4.046274687244291,0,0,1,0,0,0,0,0,0,0,0,0,0,0,0,0,0,0,1,0,0,0,0,0,0,0,0,0,0,0,0,0,0,0,0,0,1,0,1.63742208480835,21.5388,28.2305,16.0455,71.03792,18.6000003814697,18.0,17.8999996185303,18.2000007629395,4.5,1
2023-10-18 12:15:00,1.4860655255751545,34.80047882628166,34.80047882628166,34.80047882628166,34.80047882628166,24.248336256821624,27.303961691334504,20.46256602932016,72.32233698902547,17.0984100775241,17.902256355464242,17.647801317010575,18.613403593242825,17.8999996185303,18.2000007629395,4.046274687244291,0,0,1,0,0,0,0,0,0,0,0,0,0,0,0,0,0,0,1,0,0,0,0,0,0,0,0,0,0,0,0,0,0,0,0,0,1,0,1.73506212234497,21.1482,28.1817,16.0455,71.03792,18.6000003814697,18.0,17.8999996185303,18.2000007629395,3.125,1
2023-10-18 12:20:00,1.4702851509121524,32.177598914743726,32.177598914743726,32.177598914743726,32.177598914743726,24.248336256821624,27.303961691334504,20.462565440706832,72.32233698902547,17.0984100775241,17.902256355464242,17.62647133088426,18.61925133322359,17.8999996185303,18.2000007629395,4.046274687244291,0,0,1,0,0,0,0,0,0,0,0,0,0,0,0,0,0,0,1,0,0,0,0,0,0,0,0,0,0,0,0,0,0,0,0,0,1,0,1.47515666484833,21.1482,28.1817,16.0455,71.03792,18.6000003814697,18.2999992370605,17.8999996185303,18.2000007629395,3.875,1
2023-10-18 12:25:00,1.54174826461079,43.4198343250497,43.4198343250497,43.4198343250497,43.4198343250497,24.248336256821624,27.303961691334504,20.462564852614992,72.32233698902547,17.0984100775241,17.902256355464242,17.718078358748073,18.59419949808549,17.8999996185303,18.2000007629395,4.046274687244291,0,0,1,0,0,0,0,0,0,0,0,0,0,0,0,0,0,0,1,0,0,0,0,0,0,0,0,0,0,0,0,0,0,0,0,0,1,0,1.6035715341568,21.1482,28.1817,16.0455,71.03792,18.6000003814697,18.2999992370605,17.8999996185303,18.2000007629395,3.125,1
2023-10-18 12:30:00,1.464338071504223,31.16622869713803,31.16622869713803,31.16622869713803,31.16622869713803,24.248336256821624,27.303961691334504,20.46256426504418,72.32233698902547,17.0984100775241,17.902256355464242,17.618253507907415,18.6215066614396,17.8999996185303,18.2000007629395,4.046274687244291,0,0,1,0,0,0,0,0,0,0,0,0,0,0,0,0,0,0,1,0,0,0,0,0,0,0,0,0,0,0,0,0,0,0,0,0,1,0,1.65168058872223,21.2947,28.1817,17.6955,63.556873,18.6000003814697,18.2999992370605,17.8999996185303,18.2000007629395,4.625,1
2023-10-18 12:35:00,1.4545993118871507,29.48173104595429,29.48173104595429,29.48173104595429,29.48173104595429,24.248336256821624,27.303961691334504,20.46256367799393,72.32233698902547,17.0984100775241,17.902256355464242,17.60457469069636,18.625263686316323,17.8999996185303,18.2000007629395,4.046274687244291,0,0,1,0,0,0,0,0,0,0,0,0,0,0,0,0,0,0,1,0,0,0,0,0,0,0,0,0,0,0,0,0,0,0,0,0,1,0,1.81145823001862,21.2947,28.1817,17.6955,63.556873,18.6000003814697,18.2999992370605,17.8999996185303,18.2000007629395,2.875,1
2023-10-18 12:40:00,1.4781580204970144,34.28285156685184,34.28285156685184,34.28285156685184,30.85456641016665,24.248336256821624,27.303961691334504,20.462563091463785,72.32233698902547,17.0984100775241,17.902256355464242,17.778057825666437,18.72965098695253,18.0500001907349,18.350000381469748,4.046274687244291,0,0,1,0,0,0,0,0,0,0,0,0,0,0,0,0,0,0,1,0,0,0,0,0,0,0,0,0,0,0,0,0,0,0,0,0,1,0,1.786875,21.2947,28.1817,17.6955,63.556873,18.75,18.2999992370605,18.0500001907349,18.350000381469748,3.5,1
2023-10-18 12:45:00,1.5193749923428577,40.41091128442661,40.41091128442661,40.41091128442661,40.41091128442661,24.248336256821624,27.303961691334504,20.462562505453285,72.32233698902547,17.0984100775241,17.902256355464242,17.99479301613551,18.819912873508827,18.2000007629395,18.5,4.046274687244291,0,0,1,0,0,0,0,0,0,0,0,0,0,0,0,0,0,0,1,0,0,0,0,0,0,0,0,0,0,0,0,0,0,0,0,0,1,0,1.76229155063629,21.2459,28.1817,17.6955,63.556873,18.8999996185303,18.2999992370605,18.2000007629395,18.5,3.5,1
2023-10-18 12:50:00,1.5700697755322024,47.81300747335451,47.81300747335451,47.81300747335451,47.81300747335451,24.248336256821624,27.303961691334504,20.462561919961967,72.32233698902547,17.0984100775241,17.902256355464242,18.0563146130254,18.803236678451054,18.2000007629395,18.5,4.046274687244291,0,0,1,0,0,0,0,0,0,0,0,0,0,0,0,0,0,0,1,0,0,0,0,0,0,0,0,0,0,0,0,0,0,0,0,0,1,0,1.60564875602722,21.2459,28.1817,17.6955,63.556873,18.8999996185303,18.6000003814697,18.2000007629395,18.5,3.125,1
2023-10-18 12:55:00,1.4970562775733645,36.919993995071216,36.919993995071216,36.919993995071216,36.919993995071216,24.248336256821624,27.303961691334504,20.46256133498937,72.32233698902547,17.0984100775241,17.902256355464242,17.96585152591284,18.82778266191925,18.2000007629395,18.5,4.046274687244291,0,0,1,0,0,0,0,0,0,0,0,0,0,0,0,0,0,0,1,0,0,0,0,0,0,0,0,0,0,0,0,0,0,0,0,0,1,0,1.81761014461517,21.2459,28.1817,17.6955,63.556873,18.8999996185303,18.6000003814697,18.2000007629395,18.5,4.5,1
2023-10-18 13:00:00,1.5433878837126935,43.5194429216902,43.5194429216902,43.5194429216902,43.5194429216902,24.248336256821624,27.303961691334504,20.46256075053504,72.32233698902547,17.0984100775241,17.902256355464242,17.799579951193962,18.825531630683315,18.5,18.5,4.046274687244291,0,0,1,0,0,0,0,0,0,0,0,0,0,0,0,0,0,0,0,1,0,0,0,0,0,0,0,0,0,0,0,0,0,0,0,0,1,0,1.66985440254211,21.0017,28.2793,17.6955,63.556873,18.8999996185303,18.6000003814697,18.5,18.5,2.75,1
2023-10-18 13:05:00,1.441818311541044,28.24379540622948,28.24379540622948,28.24379540622948,28.24379540622948,24.248336256821624,27.303961691334504,20.462560166598514,72.32233698902547,17.0984100775241,17.902256355464242,19.420231413701668,18.52832814914189,15.5,18.2000007629395,4.046274687244291,0,0,1,0,0,0,0,0,0,0,0,0,0,0,0,0,0,0,0,1,0,0,0,0,0,0,0,0,0,0,0,0,0,0,0,0,1,0,1.7629166841507,21.0017,28.2793,17.6955,63.556873,18.2999992370605,17.7000007629395,15.5,18.2000007629395,4.375,1
2023-10-18 13:10:00,1.4978583099130471,36.55079405512051,36.55079405512051,36.55079405512051,36.55079405512051,24.248336256821624,27.303961691334504,20.46255958317933,72.32233698902547,17.0984100775241,17.902256355464242,17.881365905141408,18.597023147578906,17.6000003814697,18.2000007629395,4.046274687244291,0,0,1,0,0,0,0,0,0,0,0,0,0,0,0,0,0,0,0,1,0,0,0,0,0,0,0,0,0,0,0,0,0,0,0,0,1,0,1.63665246963501,21.0017,28.2793,17.6955,63.556873,18.0,17.7000007629395,17.6000003814697,18.2000007629395,2.875,1
2023-10-18 13:15:00,1.468681285738666,31.587362362408125,31.587362362408125,31.587362362408125,31.587362362408125,24.248336256821624,27.303961691334504,20.462559000277032,72.32233698902547,17.0984100775241,17.902256355464242,17.6216751255184,18.62056736782163,17.8999996185303,18.2000007629395,4.046274687244291,0,0,1,0,0,0,0,0,0,0,0,0,0,0,0,0,0,0,0,1,0,0,0,0,0,0,0,0,0,0,0,0,0,0,0,0,1,0,1.75539112091064,21.0506,28.2793,17.6955,63.556873,18.2999992370605,18.0,17.8999996185303,18.2000007629395,4.625,1
2023-10-18 13:20:00,1.5389440782681896,43.03170672601908,43.03170672601908,43.03170672601908,43.03170672601908,24.248336256821624,27.303961691334504,20.462558417891167,72.32233698902547,17.0984100775241,17.902256355464242,18.016551553230418,18.81400669052616,18.2000007629395,18.5,4.046274687244291,0,0,1,0,0,0,0,0,0,0,0,0,0,0,0,0,0,0,0,1,0,0,0,0,0,0,0,0,0,0,0,0,0,0,0,0,1,0,1.68930816650391,21.0506,28.2793,17.6955,63.556873,18.6000003814697,18.0,18.2000007629395,18.5,2.875,1
2023-10-18 13:25:00,1.439595920669495,26.81483588239557,26.81483588239557,26.81483588239557,24.13335229415601,24.248336256821624,27.303961691334504,20.462557836021272,72.32233698902547,17.0984100775241,17.902256355464242,17.35574450328632,18.64825397758433,18.2000007629395,18.2000007629395,4.046274687244291,0,0,1,0,0,0,0,0,0,0,0,0,0,0,0,0,0,0,0,1,0,0,0,0,0,0,0,0,0,0,0,0,0,0,0,0,1,0,1.50817608833313,21.0506,28.2793,17.6955,63.556873,18.6000003814697,18.0,18.2000007629395,18.2000007629395,4.125,1
2023-10-18 13:30:00,1.4675409521597618,31.23139708655484,31.23139708655484,31.23139708655484,31.23139708655484,24.248336256821624,27.303961691334504,20.46255725466689,72.32233698902547,17.0984100775241,17.902256355464242,17.402686416602805,18.633856512558555,18.2000007629395,18.2000007629395,4.046274687244291,0,0,1,0,0,0,0,0,0,0,0,0,0,0,0,0,0,0,0,1,0,0,0,0,0,0,0,0,0,0,0,0,0,0,0,0,1,0,1.67348635196686,20.9041,28.4746,17.2955,73.65372,18.6000003814697,18.0,18.2000007629395,18.2000007629395,3.0,1
2023-10-18 13:35:00,1.4918195288080494,32.651006045034606,36.278895605594,36.278895605594,36.278895605594,24.248336256821624,27.303961691334504,20.462556673827567,72.32233698902547,17.0984100775241,17.902256355464242,17.44041761245237,18.6225809383616,18.2000007629395,18.2000007629395,4.046274687244291,0,0,1,0,0,0,0,0,0,0,0,0,0,0,0,0,0,0,0,1,0,0,0,0,0,0,0,0,0,0,0,0,0,0,0,0,1,0,1.81157898902893,20.9041,28.4746,17.2955,73.65372,18.6000003814697,18.0,18.2000007629395,18.2000007629395,4.625,1
2023-10-18 13:40:00,1.444143564714898,27.151656381893943,27.151656381893943,27.151656381893943,27.151656381893943,24.248336256821624,27.303961691334504,20.462556093502844,72.32233698902547,17.0984100775241,17.902256355464242,17.3699806388166,18.64296312296639,18.2000007629395,18.2000007629395,4.046274687244291,0,0,1,0,0,0,0,0,0,0,0,0,0,0,0,0,0,0,0,1,0,0,0,0,0,0,0,0,0,0,0,0,0,0,0,0,1,0,1.6811203956604,20.9041,28.4746,17.2955,73.65372,18.6000003814697,18.0,18.2000007629395,18.2000007629395,2.75,1
2023-10-18 13:45:00,1.4712190230122335,32.358677506537646,32.358677506537646,32.358677506537646,32.358677506537646,24.248336256821624,27.303961691334504,20.46255551369227,72.32233698902547,17.0984100775241,17.902256355464242,17.92810615492615,18.83807036760594,18.2000007629395,18.5,4.046274687244291,0,0,1,0,0,0,0,0,0,0,0,0,0,0,0,0,0,0,0,1,0,0,0,0,0,0,0,0,0,0,0,0,0,0,0,0,1,0,1.58951795101166,21.0017,28.3282,17.2955,73.65372,18.6000003814697,18.2999992370605,18.2000007629395,18.5,4.375,1
2023-10-18 13:50:00,1.4800696892374057,34.509193380930874,34.509193380930874,34.509193380930874,34.509193380930874,24.248336256821624,27.303961691334504,20.46255493439538,72.32233698902547,17.0984100775241,17.902256355464242,18.853997589155608,18.78275401703101,17.0,18.5,4.046274687244291,0,0,1,0,0,0,0,0,0,0,0,0,0,0,0,0,0,0,0,1,0,0,0,0,0,0,0,0,0,0,0,0,0,0,0,0,1,0,1.64175355434418,21.0017,28.3282,17.2955,73.65372,18.6000003814697,17.7000007629395,17.0,18.5,2.875,1
2023-10-18 13:55:00,1.5207710172524511,39.621077526104486,39.621077526104486,39.621077526104486,39.621077526104486,24.248336256821624,27.303961691334504,20.46255435561173,72.32233698902547,17.0984100775241,17.902256355464242,17.39093972014872,18.38617573520752,17.6000003814697,17.8999996185303,4.046274687244291,0,0,1,0,0,0,0,0,0,0,0,0,0,0,0,0,0,0,0,1,0,0,0,0,0,0,0,0,0,0,0,0,0,0,0,0,1,0,1.72484469413757,21.0017,28.3282,17.2955,73.65372,18.0,17.7000007629395,17.6000003814697,17.8999996185303,4.625,1
2023-10-18 14:00:00,1.5404807723539695,44.96937269938515,40.88124790853195,40.88124790853195,40.88124790853195,24.248336256821624,27.303961691334504,20.46255377734085,72.32233698902547,17.0984100775241,17.902256355464242,17.190752405721692,18.3957532675098,17.8999996185303,17.8999996185303,4.046274687244291,0,0,1,0,0,0,0,0,0,0,0,0,0,0,0,0,0,0,0,0,1,0,0,0,0,0,0,0,0,0,0,0,0,0,0,0,1,0,1.71208322048187,21.0994,28.1817,17.2955,73.65372,18.2999992370605,18.0,17.8999996185303,17.8999996185303,2.875,1
2023-10-18 14:05:00,1.4575186607101491,29.295208201517152,29.295208201517152,29.295208201517152,29.295208201517152,24.248336256821624,27.303961691334504,20.46255319958231,72.32233698902547,17.0984100775241,17.902256355464242,17.60306104302829,18.6256794845564,17.8999996185303,18.2000007629395,4.046274687244291,0,0,1,0,0,0,0,0,0,0,0,0,0,0,0,0,0,0,0,0,1,0,0,0,0,0,0,0,0,0,0,0,0,0,0,0,1,0,1.6676470041275,21.0994,28.1817,17.2955,73.65372,18.2999992370605,18.0,17.8999996185303,18.2000007629395,4.0,1
2023-10-18 14:10:00,1.3987250487101337,18.843978981126018,18.843978981126018,18.843978981126018,18.843978981126018,24.248336256821624,27.303961691334504,20.46255262233564,72.32233698902547,17.0984100775241,17.902256355464242,18.321475597208494,18.37026598059896,16.1000003814697,17.8999996185303,4.046274687244291,0,0,1,0,0,0,0,0,0,0,0,0,0,0,0,0,0,0,0,0,1,0,0,0,0,0,0,0,0,0,0,0,0,0,0,0,1,0,1.7527951002121,21.0994,28.1817,17.2955,73.65372,18.2999992370605,17.3999996185303,16.1000003814697,17.8999996185303,3.125,1
2023-10-18 14:15:00,1.4903711317842023,34.4649508253143,34.4649508253143,34.4649508253143,34.4649508253143,24.248336256821624,27.303961691334504,20.46255204560038,72.32233698902547,17.0984100775241,17.902256355464242,17.34964312600642,18.397532735471746,17.6000003814697,17.8999996185303,4.046274687244291,0,0,1,0,0,0,0,0,0,0,0,0,0,0,0,0,0,0,0,0,1,0,0,0,0,0,0,0,0,0,0,0,0,0,0,0,1,0,1.62396705150604,20.9041,28.3282,17.2955,73.65372,18.0,17.7000007629395,17.6000003814697,17.8999996185303,4.375,1
2023-10-18 14:20:00,1.4815782521211078,32.86657410900756,32.86657410900756,32.86657410900756,32.86657410900756,24.248336256821624,27.303961691334504,20.462551469376088,72.32233698902547,17.0984100775241,17.902256355464242,17.124223703167637,18.41340223448145,17.8999996185303,17.8999996185303,4.046274687244291,0,0,1,0,0,0,0,0,0,0,0,0,0,0,0,0,0,0,0,0,1,0,0,0,0,0,0,0,0,0,0,0,0,0,0,0,1,0,1.63900411128998,20.9041,28.3282,17.2955,73.65372,18.2999992370605,18.0,17.8999996185303,17.8999996185303,2.875,1
2023-10-18 14:25:00,1.5022711420072077,36.71163480723947,36.71163480723947,36.71163480723947,36.71163480723947,24.248336256821624,27.303961691334504,20.462550893662307,72.32233698902547,17.0984100775241,17.902256355464242,17.66336013348562,18.609143417811183,17.8999996185303,18.2000007629395,4.046274687244291,0,0,1,0,0,0,0,0,0,0,0,0,0,0,0,0,0,0,0,0,1,0,0,0,0,0,0,0,0,0,0,0,0,0,0,0,1,0,1.84720504283905,20.9041,28.3282,17.2955,73.65372,18.2999992370605,18.0,17.8999996185303,18.2000007629395,4.5,1
2023-10-18 14:30:00,1.5826345074040202,48.82335357824122,48.82335357824122,48.82335357824122,48.82335357824122,24.248336256821624,27.303961691334504,20.46255031845859,72.32233698902547,17.0984100775241,17.902256355464242,18.34865300630734,18.31671073224492,16.3999996185303,17.8999996185303,4.046274687244291,0,0,1,0,0,0,0,0,0,0,0,0,0,0,0,0,0,0,0,0,1,0,0,0,0,0,0,0,0,0,0,0,0,0,0,0,1,0,1.45375001430511,21.0506,28.1817,15.945499,77.6563,18.2999992370605,17.7000007629395,16.3999996185303,17.8999996185303,3.125,1
2023-10-18 14:35:00,1.5895433722452403,49.10140853093681,49.10140853093681,49.10140853093681,49.10140853093681,24.248336256821624,27.303961691334504,20.46254974376448,72.32233698902547,17.0984100775241,17.902256355464242,17.467126830848365,18.365312219906507,17.6000003814697,17.8999996185303,4.046274687244291,0,0,1,0,0,0,0,0,0,0,0,0,0,0,0,0,0,0,0,0,1,0,0,0,0,0,0,0,0,0,0,0,0,0,0,0,1,0,1.45416688919067,21.0506,28.1817,15.945499,77.6563,18.2999992370605,17.7000007629395,17.6000003814697,17.8999996185303,4.125,1
2023-10-18 14:40:00,1.6051813966852977,51.02040448926207,51.02040448926207,51.02040448926207,51.02040448926207,24.248336256821624,27.303961691334504,20.46254916957953,72.32233698902547,17.0984100775241,17.902256355464242,17.26816414629141,18.373412580958824,17.8999996185303,17.8999996185303,4.046274687244291,0,0,1,0,0,0,0,0,0,0,0,0,0,0,0,0,0,0,0,0,1,0,0,0,0,0,0,0,0,0,0,0,0,0,0,0,1,0,1.63409090042114,21.0506,28.1817,15.945499,77.6563,18.2999992370605,18.0,17.8999996185303,17.8999996185303,3.125,1
2023-10-18 14:45:00,1.487301200980533,34.30701863343162,34.30701863343162,34.30701863343162,34.30701863343162,24.248336256821624,27.303961691334504,20.46254859590328,72.32233698902547,17.0984100775241,17.902256355464242,17.643786961405578,18.61450319536064,17.8999996185303,18.2000007629395,4.046274687244291,0,0,1,0,0,0,0,0,0,0,0,0,0,0,0,0,0,0,0,0,1,0,0,0,0,0,0,0,0,0,0,0,0,0,0,0,1,0,1.77422034740448,21.4412,28.1329,15.945499,77.6563,18.2999992370605,18.0,17.8999996185303,18.2000007629395,4.125,1
2023-10-18 14:50:00,1.696649431743353,63.02884161510973,63.02884161510973,63.02884161510973,63.02884161510973,24.248336256821624,27.303961691334504,20.462548022735287,72.32233698902547,17.0984100775241,17.902256355464242,18.46923105771896,18.285575522904985,16.3999996185303,17.8999996185303,4.046274687244291,0,0,1,0,0,0,0,0,0,0,0,0,0,0,0,0,0,0,0,0,1,0,0,0,0,0,0,0,0,0,0,0,0,0,0,0,1,0,1.65320909023285,21.4412,28.1329,15.945499,77.6563,18.2999992370605,17.7000007629395,16.3999996185303,17.8999996185303,3.0,1
2023-10-18 14:55:00,1.6157707716527805,52.39881691824026,52.39881691824026,52.39881691824026,52.39881691824026,24.248336256821624,27.303961691334504,20.4625474500751,72.32233698902547,17.0984100775241,17.902256355464242,17.27914282562889,18.370379695825687,17.8999996185303,17.8999996185303,4.046274687244291,0,0,1,0,0,0,0,0,0,0,0,0,0,0,0,0,0,0,0,0,1,0,0,0,0,0,0,0,0,0,0,0,0,0,0,0,1,0,1.6014643907547,21.4412,28.1329,15.945499,77.6563,18.2999992370605,18.0,17.8999996185303,17.8999996185303,4.5,1
2023-10-18 15:00:00,1.6354779665971677,54.84374605067615,54.84374605067615,54.84374605067615,54.84374605067615,24.248336256821624,27.303961691334504,20.462546877922268,72.32233698902547,17.0984100775241,17.902256355464242,17.81165405758368,18.568776916368105,17.8999996185303,18.2000007629395,4.046274687244291,0,0,1,0,0,0,0,0,0,0,0,0,0,0,0,0,0,0,0,0,0,1,0,0,0,0,0,0,0,0,0,0,0,0,0,0,1,0,1.79144060611725,21.3924,28.2305,15.945499,77.6563,18.2999992370605,18.0,17.8999996185303,18.2000007629395,3.0,1
2023-10-18 15:05:00,1.5494473129370547,43.28321505918712,43.28321505918712,43.28321505918712,43.28321505918712,24.248336256821624,27.303961691334504,20.462546306276337,72.32233698902547,17.0984100775241,17.902256355464242,17.716962880688154,18.59450327080601,17.8999996185303,18.2000007629395,4.046274687244291,0,0,1,0,0,0,0,0,0,0,0,0,0,0,0,0,0,0,0,0,0,1,0,0,0,0,0,0,0,0,0,0,0,0,0,0,1,0,1.62588715553284,21.3924,28.2305,15.945499,77.6563,18.6000003814697,18.0,17.8999996185303,18.2000007629395,4.375,1
2023-10-18 15:10:00,1.5743840809255247,46.29666874407727,46.29666874407727,46.29666874407727,50.926335618485005,24.248336256821624,27.303961691334504,20.462545735136867,72.32233698902547,17.0984100775241,17.902256355464242,18.34833108585089,18.31455541376236,16.3999996185303,17.8999996185303,4.046274687244291,0,0,1,0,0,0,0,0,0,0,0,0,0,0,0,0,0,0,0,0,0,1,0,0,0,0,0,0,0,0,0,0,0,0,0,0,1,0,1.83479166030884,21.3924,28.2305,15.945499,77.6563,18.2999992370605,17.7000007629395,16.3999996185303,17.8999996185303,3.0,1
2023-10-18 15:15:00,1.556572471974958,43.96524908013555,43.96524908013555,43.96524908013555,43.96524908013555,24.248336256821624,27.303961691334504,20.462545164503403,72.32233698902547,17.0984100775241,17.902256355464242,17.425809829223773,18.37661233285176,17.6000003814697,17.8999996185303,4.046274687244291,0,0,1,0,0,0,0,0,0,0,0,0,0,0,0,0,0,0,0,0,0,1,0,0,0,0,0,0,0,0,0,0,0,0,0,0,1,0,1.9264463186264,21.0506,28.1817,15.945499,77.6563,18.0,17.7000007629395,17.6000003814697,17.8999996185303,4.375,1
2023-10-18 15:20:00,1.482350438354629,32.591667701760024,32.591667701760024,32.591667701760024,32.591667701760024,24.248336256821624,27.303961691334504,20.4625445943755,72.32233698902547,17.0984100775241,17.902256355464242,17.33466408602573,18.40166044474024,17.6000003814697,17.8999996185303,4.046274687244291,0,0,1,0,0,0,0,0,0,0,0,0,0,0,0,0,0,0,0,0,0,1,0,0,0,0,0,0,0,0,0,0,0,0,0,0,1,0,1.57826101779938,21.0506,28.1817,15.945499,77.6563,18.2999992370605,17.7000007629395,17.6000003814697,17.8999996185303,2.875,1
2023-10-18 15:25:00,1.5497722790119255,42.827312130067966,42.827312130067966,42.827312130067966,42.827312130067966,24.248336256821624,27.303961691334504,20.462544024752702,72.32233698902547,17.0984100775241,17.902256355464242,17.20305269260283,18.39144958653652,17.8999996185303,17.8999996185303,4.046274687244291,0,0,1,0,0,0,0,0,0,0,0,0,0,0,0,0,0,0,0,0,0,1,0,0,0,0,0,0,0,0,0,0,0,0,0,0,1,0,1.80478167533875,21.0506,28.1817,15.945499,77.6563,18.2999992370605,18.0,17.8999996185303,17.8999996185303,4.25,1
2023-10-18 15:30:00,1.5373205287236311,41.50954867991204,41.50954867991204,41.50954867991204,41.50954867991204,24.248336256821624,27.303961691334504,20.462543455634577,72.32233698902547,17.0984100775241,17.902256355464242,17.70247965310509,18.598453402309207,17.8999996185303,18.2000007629395,4.046274687244291,0,0,1,0,0,0,0,0,0,0,0,0,0,0,0,0,0,0,0,0,0,1,0,0,0,0,0,0,0,0,0,0,0,0,0,0,1,0,1.71763479709625,21.0994,28.3282,15.2455,81.75272,18.6000003814697,18.0,17.8999996185303,18.2000007629395,2.875,1
2023-10-18 15:35:00,1.5330918038722117,41.36491610611443,41.36491610611443,41.36491610611443,41.36491610611443,24.248336256821624,27.303961691334504,20.462542887020664,72.32233698902547,17.0984100775241,17.902256355464242,18.51272014020125,18.32078535400476,16.1000003814697,17.8999996185303,4.046274687244291,0,0,1,0,0,0,0,0,0,0,0,0,0,0,0,0,0,0,0,0,0,1,0,0,0,0,0,0,0,0,0,0,0,0,0,0,1,0,1.78856551647186,21.0994,28.3282,15.2455,81.75272,18.0,17.3999996185303,16.1000003814697,17.8999996185303,4.625,1
2023-10-18 15:40:00,1.6239017034717524,53.03997886877647,53.03997886877647,53.03997886877647,53.03997886877647,24.248336256821624,27.303961691334504,20.46254231891052,72.32233698902547,17.0984100775241,17.902256355464242,17.498876729202422,18.356651372210163,17.6000003814697,17.8999996185303,4.046274687244291,0,0,1,0,0,0,0,0,0,0,0,0,0,0,0,0,0,0,0,0,0,1,0,0,0,0,0,0,0,0,0,0,0,0,0,0,1,0,1.63429749011993,21.0994,28.3282,15.2455,81.75272,18.0,17.7000007629395,17.6000003814697,17.8999996185303,2.5,1
2023-10-18 15:45:00,1.5214543015918125,38.62517739485512,38.62517739485512,38.62517739485512,38.62517739485512,24.248336256821624,27.303961691334504,20.462541751303704,72.32233698902547,17.0984100775241,17.902256355464242,17.169753138513357,18.40070741902928,17.8999996185303,17.8999996185303,4.046274687244291,0,0,1,0,0,0,0,0,0,0,0,0,0,0,0,0,0,0,0,0,0,1,0,0,0,0,0,0,0,0,0,0,0,0,0,0,1,0,1.80167019367218,21.0017,28.2305,15.2455,81.75272,18.2999992370605,18.0,17.8999996185303,17.8999996185303,5.0,1
2023-10-18 15:50:00,1.5389936558137256,41.75662932681626,41.75662932681626,41.75662932681626,41.75662932681626,24.248336256821624,27.303961691334504,20.462541184199765,72.32233698902547,17.0984100775241,17.902256355464242,17.704496617606168,18.59790301223984,17.8999996185303,18.2000007629395,4.046274687244291,0,0,1,0,0,0,0,0,0,0,0,0,0,0,0,0,0,0,0,0,0,1,0,0,0,0,0,0,0,0,0,0,0,0,0,0,1,0,1.63970601558685,21.0017,28.2305,15.2455,81.75272,18.2999992370605,18.0,17.8999996185303,18.2000007629395,2.75,1
2023-10-18 15:55:00,1.5671659262327484,46.12172075545781,46.12172075545781,46.12172075545781,46.12172075545781,24.248336256821624,27.303961691334504,20.46254061759825,72.32233698902547,17.0984100775241,17.902256355464242,18.325810787776724,18.322637846936523,16.3999996185303,17.8999996185303,4.046274687244291,0,0,1,0,0,0,0,0,0,0,0,0,0,0,0,0,0,0,0,0,0,1,0,0,0,0,0,0,0,0,0,0,0,0,0,0,1,0,1.75344455242157,21.0017,28.2305,15.2455,81.75272,18.2999992370605,17.7000007629395,16.3999996185303,17.8999996185303,4.375,1
2023-10-18 16:00:00,1.5025799242897122,35.28311637792523,35.28311637792523,35.28311637792523,35.28311637792523,24.248336256821624,27.303961691334504,20.46254005149873,72.32233698902547,17.0984100775241,17.902256355464242,17.065602458817036,18.18165441404521,17.2999992370605,17.6000003814697,4.046274687244291,0,0,1,0,0,0,0,0,0,0,0,0,0,0,0,0,0,0,0,0,0,0,1,0,0,0,0,0,0,0,0,0,0,0,0,0,1,0,1.61503148078918,20.9041,28.4258,15.2455,81.75272,18.0,17.7000007629395,17.2999992370605,17.6000003814697,2.875,1
2023-10-18 16:05:00,1.558491701369876,43.84446079315708,43.84446079315708,43.84446079315708,43.84446079315708,24.248336256821624,27.303961691334504,20.46253948590076,72.32233698902547,17.0984100775241,17.902256355464242,17.211122890317334,18.38920925453748,17.8999996185303,17.8999996185303,4.046274687244291,0,0,1,0,0,0,0,0,0,0,0,0,0,0,0,0,0,0,0,0,0,0,1,0,0,0,0,0,0,0,0,0,0,0,0,0,1,0,1.62166678905487,20.9041,28.4258,15.2455,81.75272,18.2999992370605,17.7000007629395,17.8999996185303,17.8999996185303,4.375,1
2023-10-18 16:10:00,1.5664492930756109,44.96867773657136,44.96867773657136,44.96867773657136,44.96867773657136,24.248336256821624,27.303961691334504,20.462538920803876,72.32233698902547,17.0984100775241,17.902256355464242,17.220046844298928,18.386733525429204,17.8999996185303,17.8999996185303,4.046274687244291,0,0,1,0,0,0,0,0,0,0,0,0,0,0,0,0,0,0,0,0,0,0,1,0,0,0,0,0,0,0,0,0,0,0,0,0,1,0,1.65627610683441,20.9041,28.4258,15.2455,81.75272,18.2999992370605,18.0,17.8999996185303,17.8999996185303,2.875,1
2023-10-18 16:15:00,1.5917217028829405,49.60747789933456,49.60747789933456,49.60747789933456,49.60747789933456,24.248336256821624,27.303961691334504,20.462538356207645,72.32233698902547,17.0984100775241,17.902256355464242,18.667839791235533,18.530637107954643,16.7000007629395,18.2000007629395,4.046274687244291,0,0,1,0,0,0,0,0,0,0,0,0,0,0,0,0,0,0,0,0,0,0,1,0,0,0,0,0,0,0,0,0,0,0,0,0,1,0,1.51257860660553,21.0017,28.1817,15.2455,81.75272,18.6000003814697,17.7000007629395,16.7000007629395,18.2000007629395,4.5,1
2023-10-18 16:20:00,1.655697565125151,57.08427725752069,57.08427725752069,57.08427725752069,57.08427725752069,24.248336256821624,27.303961691334504,20.46253779211163,72.32233698902547,17.0984100775241,17.902256355464242,17.969634206208266,18.32316365917293,17.0,17.8999996185303,4.046274687244291,0,0,1,0,0,0,0,0,0,0,0,0,0,0,0,0,0,0,0,0,0,0,1,0,0,0,0,0,0,0,0,0,0,0,0,0,1,0,1.60083854198456,21.0017,28.1817,15.2455,81.75272,18.0,17.3999996185303,17.0,17.8999996185303,3.0,0
2023-10-18 16:25:00,1.5543120410543914,43.24754483531731,43.24754483531731,43.24754483531731,43.24754483531731,24.248336256821624,27.303961691334504,20.46253722851538,72.32233698902547,17.0984100775241,17.902256355464242,17.20638657581103,18.390523843859935,17.8999996185303,17.8999996185303,4.046274687244291,0,0,1,0,0,0,0,0,0,0,0,0,0,0,0,0,0,0,0,0,0,0,1,0,0,0,0,0,0,0,0,0,0,0,0,0,1,0,1.63312363624573,21.0017,28.1817,15.2455,81.75272,18.2999992370605,18.0,17.8999996185303,17.8999996185303,4.625,0
2023-10-18 16:30:00,1.6300419497178098,53.42343773774491,53.42343773774491,53.42343773774491,53.42343773774491,24.248336256821624,27.303961691334504,20.462536665418455,72.32233698902547,17.0984100775241,17.902256355464242,17.287308479907402,18.368125339322116,17.8999996185303,17.8999996185303,4.046274687244291,0,0,1,0,0,0,0,0,0,0,0,0,0,0,0,0,0,0,0,0,0,0,1,0,0,0,0,0,0,0,0,0,0,0,0,0,1,0,1.63033473491669,21.0017,28.1817,14.195499,87.47872,18.2999992370605,18.0,17.8999996185303,17.8999996185303,2.625,0
2023-10-18 16:35:00,1.6158760077636583,52.12042706121455,52.12042706121455,52.12042706121455,52.12042706121455,24.248336256821624,27.303961691334504,20.462536102820415,72.32233698902547,17.0984100775241,17.902256355464242,17.789302503558318,18.574833812371338,17.8999996185303,18.2000007629395,4.046274687244291,0,0,1,0,0,0,0,0,0,0,0,0,0,0,0,0,0,0,0,0,0,0,1,0,0,0,0,0,0,0,0,0,0,0,0,0,1,0,1.63165616989136,20.8064,28.3282,14.195499,87.47872,18.6000003814697,18.0,17.8999996185303,18.2000007629395,4.5,0
2023-10-18 16:40:00,1.613425612000115,52.12042706121455,52.12042706121455,52.12042706121455,52.12042706121455,24.248336256821624,27.303961691334504,20.46253554072081,72.32233698902547,17.0984100775241,17.902256355464242,18.37656914768321,18.309479223661675,16.3999996185303,17.8999996185303,4.046274687244291,0,0,1,0,0,0,0,0,0,0,0,0,0,0,0,0,0,0,0,0,0,0,1,0,0,0,0,0,0,0,0,0,0,0,0,0,1,0,1.85702311992645,20.8064,28.3282,14.195499,87.47872,18.0,17.7000007629395,16.3999996185303,17.8999996185303,2.875,0
2023-10-18 16:45:00,1.6185366914480328,52.12042706121455,52.12042706121455,52.12042706121455,52.12042706121455,24.248336256821624,27.303961691334504,20.46253497911921,72.32233698902547,17.0984100775241,17.902256355464242,17.491459104804726,18.358672861628484,17.6000003814697,17.8999996185303,4.046274687244291,0,0,1,0,0,0,0,0,0,0,0,0,0,0,0,0,0,0,0,0,0,0,1,0,0,0,0,0,0,0,0,0,0,0,0,0,1,0,1.60960340499878,20.8064,28.3282,14.195499,87.47872,18.0,17.7000007629395,17.6000003814697,17.8999996185303,4.625,0
2023-10-18 16:50:00,1.6185366876769296,52.12042706121455,52.12042706121455,52.12042706121455,52.12042706121455,24.248336256821624,27.303961691334504,20.46253441801516,72.32233698902547,17.0984100775241,17.902256355464242,17.49145912309901,18.358672847808606,17.6000003814697,17.8999996185303,4.046274687244291,0,0,1,0,0,0,0,0,0,0,0,0,0,0,0,0,0,0,0,0,0,0,1,0,0,0,0,0,0,0,0,0,0,0,0,0,1,0,1.66915106773376,20.6599,28.4258,14.195499,87.47872,18.0,17.7000007629395,17.6000003814697,17.8999996185303,3.0,0
2023-10-18 16:55:00,1.619794979461028,52.12042706121455,52.12042706121455,52.12042706121455,52.12042706121455,24.248336256821624,27.303961691334504,20.462533857408232,72.32233698902547,17.0984100775241,17.902256355464242,17.276925412857516,18.370991845895045,17.8999996185303,17.8999996185303,4.046274687244291,0,0,1,0,0,0,0,0,0,0,0,0,0,0,0,0,0,0,0,0,0,0,1,0,0,0,0,0,0,0,0,0,0,0,0,0,1,0,1.88058435916901,20.6599,28.4258,14.195499,87.47872,18.2999992370605,18.0,17.8999996185303,17.8999996185303,3.875,0
2023-10-18 17:00:00,1.6192970453838664,52.12042706121455,52.12042706121455,52.12042706121455,52.12042706121455,24.248336256821624,27.303961691334504,20.462533297297977,72.32233698902547,17.0984100775241,17.902256355464242,17.78930259658734,18.57483374245829,17.8999996185303,18.2000007629395,4.046274687244291,0,0,1,0,0,0,0,0,0,0,0,0,0,0,0,0,0,0,0,0,0,0,0,1,0,0,0,0,0,0,0,0,0,0,0,0,1,0,1.71733605861664,20.6599,28.4258,14.195499,87.47872,18.2999992370605,18.0,17.8999996185303,18.2000007629395,3.0,0
